vv_db_contrast,vv_db_homogeneity,vv_db_energy,vv_db_entropy,vh_db_contrast,vh_db_homogeneity,vh_db_energy,vh_db_entropy,severity,year
0.0,1.0,1.0,-0.0,0.0,1.0,1.0,-0.0,1,2017
0.0,1.0,1.0,-0.0,0.0,1.0,1.0,-0.0,1,2017
0.8352432028561858,0.6957558559741517,0.355167896845204,3.4163527117432424,0.7620192384163568,0.7089256475198712,0.37513500792504184,3.2618770697610624,1,2017
0.9721994759750094,0.6782299647731127,0.3246424489255586,3.730704544809055,0.8304977976085528,0.7000546053962764,0.35124175733384355,3.4900450481489806,1,2017
1.150938688586725,0.6591096989091735,0.3100979894616281,3.87216843289759,0.9614587715493437,0.6740505105034609,0.31186966069682154,3.848896179986281,1,2017
1.0300161636027156,0.6720837280782985,0.3184384473342279,3.8275921230247487,0.8718400061931033,0.6939601467078147,0.3453411698858594,3.5709267728687366,1,2017
6.370707852518998,0.3429745500110644,0.23574074799652311,4.417970006507233,2.968582887700535,0.429801865863148,0.22626991605316618,4.445209022798123,1,2017
1.0575091575091573,0.7054761904761904,0.42947697006739133,2.955212712454725,0.4648046398046398,0.76759768009768,0.4510773936059473,2.4883938660856906,1,2017
1.1213336341690292,0.6497373178375268,0.3015886674196176,3.842847671488115,1.069195901252067,0.6599199555575243,0.32689913989689323,3.6905334007995263,1,2017
1.0521420371328813,0.669457704494232,0.30849328533982967,3.8930013226156626,0.8755459464971365,0.6931465427905841,0.3388959792066225,3.592559064557423,1,2017
2.0951403774219313,0.5815700957348586,0.2622066320383987,4.3281049346553715,1.5083039129155635,0.6257041554485874,0.3060064543179919,3.8869279737061904,1,2017
0.014680330365019818,0.9926598348174901,0.9853745017888564,0.1250765007038596,0.0,1.0,1.0,-0.0,1,2017
2.0665411213705074,0.5836781188834009,0.2503405378644603,4.6272016781738,1.4754433990798805,0.6238297800582042,0.27733337715238887,4.247884636372476,1,2017
0.8790018011062506,0.692517006011738,0.2964704152534915,3.950429303477438,0.8176838786976073,0.7019287230069737,0.30778552169848433,3.835116099362552,1,2017
2.01576344248636,0.5981926496942862,0.2593288898363093,4.607584077812836,1.4086923129308,0.6337378068187082,0.28461658308491733,4.264165994264858,1,2017
14.807323232323231,0.2075922370334135,0.2381734350925257,4.2393648342250625,7.697853535353535,0.2774564357652593,0.25293757978886067,4.093420421297105,1,2017
1.02484813690561,0.6707339746826927,0.28865016492439266,4.001447509796654,0.8404742671231631,0.6972684530793036,0.32055257399803905,3.7297805272152114,1,2017
3.0287229926935813,0.5065993276879147,0.2592930538305478,4.333937502786944,1.742184880945385,0.6192376446670811,0.31185193717781695,3.868780919919151,1,2017
0.015501218561055196,0.9971289017492908,0.9956810412825526,0.05145825607167247,0.0028064092404772797,0.9985967953797614,0.9969477300839907,0.03340818217102958,1,2017
0.9560139887793069,0.6817966437831221,0.3166960020709233,3.7705649175585725,0.8350360608393549,0.6996146272472623,0.34078274477565507,3.5382489899635052,1,2017
1.5903704942212906,0.641709389095767,0.296559166742415,4.065085388540803,1.16568372577626,0.6631451530162747,0.3140886600013156,3.8013132400121576,1,2017
1.379040404040404,0.6810858585858585,0.4630424161762663,2.6711049024794185,1.9689393939393942,0.6598796791443851,0.5002383922603265,2.491719418979581,1,2017
0.956271459224586,0.6818256417694124,0.3502839060073028,3.6151285045210306,0.8124376093937675,0.7079821423755563,0.3709346989152147,3.35494765281281,1,2017
0.9596335565434525,0.6779546709487548,0.3300110839975537,3.6639370350579483,0.7985151569140679,0.7030346100729263,0.3457967264786686,3.491432742521489,1,2017
1.0793876646297298,0.6642555431199905,0.30831241840344203,3.894812729522339,0.9120934585584595,0.6878446499367755,0.32883796646469377,3.6727246045854796,1,2017
1.418942271847454,0.6517537845986943,0.29220781267444207,4.192522347524777,1.2384657415568379,0.6720510466096858,0.31365438644912264,3.950241822701123,1,2017
4.812624018331226,0.5649726633922578,0.1622038730682585,5.906515853595478,4.910424087239416,0.5915768761319119,0.19864650567014247,5.489499085104396,1,2017
2.080435599957031,0.5639160698861463,0.23912384862086966,4.429926766723458,1.6187788699108392,0.5896773599868566,0.2920966178071697,3.931355223567377,1,2017
0.8454545454545455,0.7292207792207792,0.4172422327799402,2.848461697331035,1.6503246753246752,0.5710714285714286,0.37165153339455137,3.0682956948727904,1,2017
0.7957104188053057,0.7122286134464839,0.3176411687421431,3.6291162896688585,1.1445454848223306,0.6436720734911765,0.2922924245937686,3.7980717680527043,1,2017
0.8728001537470443,0.6941862387498918,0.3656669426447664,3.424806734227286,0.7571059535058368,0.7160454891684789,0.3871217491830683,3.210040113322811,1,2017
5.483855850032322,0.3562140926680454,0.23351893094152115,4.323253875109538,3.4315610859728505,0.46419245978934565,0.2804857985034559,3.889757229264531,1,2017
2.5130078255078256,0.5099120242502596,0.32640205627632624,3.450827582454529,1.936188811188811,0.5495879120879121,0.32321273095272746,3.5429205734869083,1,2017
1.166428177578891,0.6558083263466377,0.28056111719063964,4.232452698478383,1.0102122853478788,0.6768194904746534,0.31140324176365985,3.9613988831540534,1,2017
3.174365942028985,0.514774534395698,0.2988348743990201,3.9719364883205004,1.5279287439613527,0.5985356280193237,0.31334433847860527,3.6320748268327803,1,2017
1.7959790583398796,0.610604007845044,0.2739970640374434,4.248044108695751,1.4996740196995293,0.6389783364307514,0.3290095569132153,3.773892970274649,1,2017
0.945794526051239,0.6619815427014356,0.32462075212226993,3.564955198027672,0.7070434349292868,0.7289479913335125,0.4210797295741781,3.0822982096208382,1,2017
3.2094325335684974,0.48963103630854804,0.1952968367139856,5.080138697792734,2.9386691400887326,0.5183650085630431,0.23677457512382472,4.726913167474004,1,2017
1.0050025643558893,0.6699628605213552,0.3334413938093052,3.622795062237185,0.9335302568165698,0.6751162419215123,0.3415936024111892,3.393976612255186,1,2017
1.9135573014934342,0.6128655516551645,0.31337672209711726,3.988518504430282,1.202734011996283,0.6536344765582165,0.2959664654105427,3.975300036549296,1,2017
0.9935782531282444,0.6738774343274572,0.32006497415814517,3.8516238131336027,0.8515902086221023,0.6969290452283409,0.32910514052494105,3.741862336500471,1,2017
3.1996682601680875,0.7582428083731108,0.4241573295640764,4.632867218980834,2.958928409247016,0.767737510576775,0.38273935457831765,4.729518265865393,1,2017
1.6224790639419238,0.7930422467780015,0.4426619854687852,4.415560443576916,1.6080167019597726,0.7926720291135058,0.41934340958605143,4.480809248021605,1,2017
0.0,1.0,1.0,-0.0,0.0,1.0,1.0,-0.0,1,2017
0.07098214285714285,0.9645089285714287,0.9303917084641438,0.43990678750287904,0.0,1.0,1.0,-0.0,1,2017
1.1045319161258447,0.7404219603932866,0.29996083512967436,4.408324484736627,1.0120170852950428,0.7521732703568285,0.3085757333092922,4.31007812921697,2,2017
1.0757552054497141,0.6684424837844585,0.3368670745688446,3.6950122079671615,0.8436690016525341,0.7063648547537797,0.3688851244526382,3.408249716042424,2,2017
0.8902176618635396,0.7053678567827839,0.3941532172439453,3.1241022769258504,0.7201817970322237,0.7140553493018195,0.43991850123985765,2.852262690732672,2,2017
0.9409784882358869,0.6784937675865002,0.33719663648331927,3.5808611384625255,0.8025552863999844,0.7053615471923773,0.35120067938215527,3.4679297004479923,2,2017
0.9884416809716289,0.676904423831922,0.3253273379572362,3.734440119912273,0.84469259945112,0.6995440676317922,0.35114725382720857,3.4866428712279176,2,2017
1.168344112383323,0.6593596504062692,0.30503542780509685,3.9787929868979424,0.9483579301235048,0.6841287457975143,0.3173584532027538,3.795666202198229,2,2017
1.099084906640249,0.8634454259883912,0.6303565979333724,3.12291727640793,1.0806178692462676,0.8609182904397102,0.6093516663522248,3.233776548715846,2,2017
0.276955284873774,0.8893576644461626,0.7116467222991419,1.618036823728676,0.6629826082435616,0.7309974914625,0.37627660898360216,3.1759660330114943,2,2017
1.274573246608108,0.6548333537394306,0.30814666701010485,4.007493917630566,1.029791882699078,0.6770416704836786,0.33377571940084544,3.7259995067967884,2,2017
1.2678746921133803,0.6497443494946167,0.3068535425289843,3.909832212740516,0.993081987007911,0.6752288720520151,0.31615637700018895,3.7903984567994056,2,2017
1.0224063095970763,0.6676893749532364,0.3113933716458759,3.8765751123428354,0.8184888011572938,0.6974430083218276,0.34972527676799775,3.5131399804555756,2,2017
1.038564596517984,0.6668356745564972,0.3039059181096233,3.869481249406358,0.901081669522689,0.6866133086040167,0.32096499285029384,3.714833839749917,2,2017
0.984163022915834,0.6769657484618942,0.3203492746643953,3.77741609750687,0.8438747620421865,0.6981561937527518,0.34361550638448646,3.5499634186086277,2,2017
3.3307692307692314,0.5178275570583264,0.3085947005366751,3.7116861552414444,2.814285714285714,0.4547123464770524,0.2724913301532618,3.907963936828907,2,2017
0.8787963554581608,0.6897149063536792,0.33956403547785324,3.617034663803358,0.771887616929286,0.7123089596055636,0.3569703951516852,3.4753671498659555,2,2017
5.098402353847001,0.38842510862634705,0.22160157297080169,4.6529614832904915,3.4058598691085082,0.4179289652733659,0.21586126192138622,4.592055107856176,2,2017
1.2345069228139784,0.7183217535686147,0.27355579465462665,4.700523151201741,1.0887512732609643,0.7338200452973823,0.2816869876225356,4.562254847014005,2,2017
0.5303882327803529,0.7753000048731754,0.3197650587209392,3.6128649371726453,0.7400058899824378,0.7090833533258485,0.27844061269194775,4.038438631112689,2,2017
0.2562857971829009,0.888977136220821,0.6076549179109203,2.0008688326119035,0.4567790695462575,0.8427933071786593,0.5154828604266706,2.6269440383918305,2,2017
1.3091247211214068,0.6367935855214513,0.2850202133774087,4.142951432795278,0.9819571414531406,0.6754950417756691,0.3187076071107084,3.755884665342122,2,2017
1.212524052065648,0.6320639501980758,0.2842943984874242,3.993137758227838,0.9920147142048669,0.6504646293152234,0.32360777914060185,3.599678736941981,2,2017
1.4421431513614467,0.6227359042969319,0.26854432622066055,4.217143815257179,1.0391558730035497,0.6646603824040649,0.30926182092243226,3.8173510157774366,2,2017
3.223580542264753,0.4920001489738332,0.2841721442671709,3.9707025822797264,2.7198530416951474,0.5188025024511093,0.2689444586780001,4.018021789660683,2,2017
0.8685313842196812,0.6800830461736314,0.36313226874420934,3.1592815208280642,0.5836323091761951,0.7603945491867473,0.4483752490538943,2.68455457564576,2,2017
6.416964285714286,0.34124896268278626,0.25884220146020354,4.009321096516061,4.720982142857142,0.4209011393018746,0.24957662171381362,4.163210069805038,2,2017
4.9641828428944015,0.44193989411606216,0.17926237158892905,5.256621556558532,3.5107914307278043,0.458402840437648,0.2016590323834815,4.925344165239255,2,2017
1.0477452960802578,0.6660478755552242,0.3046340988706476,3.904184358978942,0.8878458460383098,0.6898866668092808,0.3256222333061226,3.6820697474028328,2,2017
1.1883538548555517,0.6515095128288002,0.3178247446106439,3.8341584299659406,1.0249249477897668,0.6766305597682861,0.34434204237669347,3.580525958903757,2,2017
0.9270044161916272,0.6833766384123082,0.3351173332259122,3.6135852387792617,0.9069805460178803,0.6928492728344022,0.3450372464142888,3.5570856115872047,2,2017
1.8756042869959593,0.626962647774399,0.32189216947470645,4.087913877978763,1.2539212937587667,0.6698372302549872,0.35591976824479005,3.651650369975641,2,2017
1.218378223484205,0.6645415057049386,0.32110061252304356,3.8079191778487553,1.026821731398273,0.6779911768638626,0.34835327179666503,3.5658187705805955,2,2017
2.7592424242424243,0.5167496729555552,0.2905356515348744,3.888748107183017,2.50439393939394,0.5513966131907307,0.30835632032073534,3.886864410527127,2,2017
2.921616072305728,0.5356537103494508,0.2947903993065729,4.068523692410889,2.839837410354652,0.5192862669972205,0.26683684101220345,4.200996490534567,2,2017
1.263031795032865,0.6423192202287463,0.2835563741272362,4.133915400908941,1.0315503146672225,0.6698105493429011,0.3125245221963028,3.8233878278669216,2,2017
1.1603457072714933,0.659718277973193,0.3077961177963323,3.929453651815116,0.9608789587242009,0.6829652877778166,0.3279123586021453,3.704249925992847,2,2017
2.622772758642324,0.5440810006986477,0.2492802137345293,4.2831217820044625,2.199675324675325,0.5569021877525714,0.28168421406288946,3.92649958269602,2,2017
1.6102415458937196,0.5706763285024155,0.3223883567000371,3.425236416929635,0.7615217391304347,0.7003695652173915,0.37671832904882635,2.9723807097209214,2,2017
1.1987302394964026,0.6195576337524462,0.3217361718837116,3.687054376358584,1.1392416486667694,0.6566986750996784,0.3788022051011344,3.420563557963951,2,2017
1.1026531480976716,0.6600184646401187,0.31602045839525505,3.832182510495093,0.9237281668179125,0.6905728108549735,0.3365510946087701,3.5994692514511875,2,2017
1.433168334085683,0.636493360509716,0.29707022999241844,4.131268373107122,1.1167037943708489,0.6615894423644255,0.3095741330933862,3.938708694189065,2,2017
1.144163784535221,0.6759304555482931,0.31076281451309407,3.7672342610837695,1.0214368486769672,0.6759097106420948,0.3269851227843525,3.7006938318128944,2,2017
1.0936490661540001,0.6569759887518187,0.32780491294035474,3.801631587605423,0.9069815986390305,0.6894478151711118,0.34675731466749043,3.556453463303741,2,2017
0.9286917136413093,0.6783446414647916,0.3201848778396778,3.7531649161442227,0.8300954048176223,0.6960348936000484,0.32845717484966086,3.606313998813772,2,2017
1.1131704097053527,0.6521979910003849,0.2934996551054464,4.056661062448066,1.0408515882297915,0.6633934632610142,0.29516121085440844,3.985835719961834,2,2017
1.1258937137995395,0.6611161125520879,0.3197753639377031,3.951335677346105,1.008529828746543,0.6733709085555815,0.3295811368822101,3.7752022522320354,2,2017
0.9958473879834586,0.6714465713570297,0.3334348346400116,3.6683789888969534,0.817809084689155,0.7023528838191291,0.36461839946434926,3.3890578338782844,2,2017
0.8640662215435371,0.8467943554881459,0.5630661747228842,3.379215872464146,0.7567975385684091,0.8516330591992635,0.5509696486664359,3.388159735712976,3,2017
2.6944833392414043,0.5854804912039258,0.3774303695095864,3.6220531018985804,1.7838330576233807,0.5420826440584507,0.2589321779644711,4.204173734328047,3,2017
3.271017156862745,0.4868799674541457,0.2638693053872858,4.303596074098267,2.598268581081081,0.5320086885111756,0.2606387284947345,4.251916599274711,3,2017
2.4384246256787563,0.5713490809303774,0.30015956078126177,3.910019792673605,1.7739580044851486,0.6196768641717039,0.34078955443500775,3.6111184370413683,3,2017
1.2590622253273578,0.6551098374352379,0.312046588429039,3.986096497805155,0.9587035259941384,0.6832755420631956,0.32929507720887013,3.743629452682775,3,2017
1.7832405319515412,0.6361468710867895,0.2671825367903726,4.631162184126784,1.556472059175341,0.6615405899834527,0.2942280711355932,4.334241642908422,3,2017
1.0246469113281003,0.6705537891361237,0.31322853654568794,3.849583616256041,0.8363710510748987,0.6996514797242825,0.3519172763818603,3.488194823717891,3,2017
1.038647426758087,0.6806565713184539,0.2809099439491459,4.052575843757227,0.9145882822021474,0.6869295497254502,0.3287045547167703,3.6224819913444963,3,2017
0.9491971217180792,0.6795385799339597,0.338503081799744,3.6319380660974865,0.7986169409231205,0.7088583886493908,0.36380346608851283,3.3860456606490628,3,2017
1.2821143438914437,0.7931372692301557,0.41829251397947287,4.329227869282387,1.2300706314686476,0.7931141790309838,0.3900691532435802,4.417293960908575,3,2017
1.601473335770778,0.6359127815048176,0.30150584389474877,4.1478768702774405,1.1733909178353286,0.672839784909929,0.3350755688050863,3.8025868403978205,3,2017
1.0767700688026525,0.6625954087052546,0.30508871486562394,3.897536944647094,0.8809773291275387,0.6914238417544548,0.3346297689466747,3.5917379705502186,3,2017
1.137890311138329,0.6540387288673666,0.2972006288429999,3.9758339338491138,0.9013625261301148,0.6876666069115445,0.3282839232319483,3.6673202963858196,3,2017
0.8168254728002586,0.69948513388872,0.35041480127240776,3.4566331836288184,0.7609174327103451,0.7115678348732166,0.36388681377658205,3.34706734269381,3,2017
1.9945346320346318,0.5294859307359308,0.4098917025027956,2.7588245424175253,1.5576298701298703,0.553262987012987,0.38872323634017986,2.923637081128073,3,2017
5.134232640424591,0.42366766753945784,0.23854957859699702,4.344401692200024,3.1263821318000886,0.5951384483300346,0.4198400874352928,3.196090608915271,3,2017
0.9991582820032496,0.6740907020231968,0.3187134123229975,3.7879170284936405,0.8662951339072835,0.6937022361302745,0.3392897351091957,3.561596498052476,3,2017
1.0016242599418277,0.6716093706208512,0.31147125880520965,3.8318374315662984,0.8518355051197033,0.6951328913393842,0.33997765632296223,3.5672811831227618,3,2017
6.0608003108003095,0.3840098119509885,0.2669100221531644,3.9323497242572354,4.952991452991452,0.3631313131313132,0.26309089694469706,3.9816991972934868,3,2017
0.9534149909513036,0.675943893635413,0.32308220769304963,3.6766209299466874,0.8265703957876009,0.6982557096280353,0.3447591074542784,3.5062353231551926,3,2017
1.2485676617426673,0.6570920140561681,0.3190134562017779,3.9856473943675303,1.0232819042138406,0.667406201463983,0.3103601236396199,3.897006420147248,3,2017
2.4986407908056285,0.671808392867594,0.291932163884386,4.620760236479735,2.6030137017321096,0.6650036638912367,0.2989670877459454,4.560611627353012,0,2017
1.224898249374378,0.6502871723212584,0.2609638039552966,4.5396357919614,1.0043686880284648,0.6837957492094084,0.27723631012692684,4.366569684780879,0,2017
0.6754897192005715,0.7296506024221225,0.3738970528996636,3.3125433553738244,0.5192097612892845,0.7688106052601268,0.4882370563436069,2.467835563686041,0,2017
1.127213142592813,0.6798069068824514,0.2955920607844537,4.269208816399404,0.9329437256070898,0.7027717137548908,0.3200446485784788,3.9874337508468356,0,2017
1.062338834906968,0.6814846510079905,0.3248495433044101,3.851174829830387,0.8242594085970563,0.7130267173475486,0.36197893305990153,3.517717849361209,0,2017
0.8026807875387847,0.7045774423914948,0.36023313702277304,3.4302306544023824,0.7248234961772766,0.7156220391637745,0.37172219797820827,3.2745961125503134,0,2017
2.645928282175907,0.6561703834056006,0.16632052468736483,5.939323139116466,2.4863836570293834,0.6619484585958627,0.1644718915235232,6.031705081376874,0,2017
0.0,1.0,1.0,-0.0,0.0,1.0,1.0,-0.0,0,2017
1.1925969124346643,0.6593108456790351,0.32377420917689276,3.8745064918959815,0.9267507387196494,0.6878505832932944,0.3526249649805868,3.6007682268767938,0,2017
2.5106468480936,0.7603733055777104,0.3807024961776006,4.782003789245177,2.6208613116373214,0.7264858287225577,0.2540208081805655,5.427670791240626,0,2017
1.1102817099655244,0.6711883453656121,0.305803533455966,3.9784319927850404,0.8946440890490077,0.6922561341078426,0.3335865614225909,3.722218639112642,0,2017
0.4433231276805083,0.9084620372311759,0.6778613429077216,2.323715378177702,0.5064941822417699,0.8824102412833438,0.5710689831117165,2.9285670420218475,0,2017
1.18495208658349,0.671253535133251,0.30496855275928825,4.042363328660685,0.9524216014407149,0.6993577455583156,0.3386230979333807,3.719186480722287,0,2017
0.9442746256328416,0.706206998364472,0.3368425764257168,3.9581644381386214,0.7144497289408748,0.7423774718552675,0.4076716040038596,3.3510178441250646,0,2017
1.576415811685529,0.6431544658708133,0.3061511523441096,4.242990740150287,1.0927236280769321,0.6769270695920715,0.33168382622922155,3.8939560135888867,0,2017
0.8866224301733002,0.6872112619627042,0.34965478830876856,3.487559218486112,0.7240825735483758,0.718347652821281,0.39850972709187527,3.1261853810132316,0,2017
1.3742553032334615,0.6610576422317662,0.30463404050197085,4.129733978624903,0.9897036195580959,0.6883858670946061,0.3256973487033407,3.899673374848448,0,2017
1.0620036836095317,0.6754239690325413,0.3242135506142265,3.8169310893674497,0.8359812597693421,0.6955271930663514,0.33979959986358677,3.606071794251119,0,2017
1.2982567680447943,0.6466472932337166,0.2797407114899531,4.136124549469268,1.0303194682534662,0.6777027139274487,0.3193090704975214,3.7474825618715215,0,2017
1.5102130325814533,0.61812656641604,0.3019056126533146,3.823127963135022,2.0199874686716788,0.53484483266991,0.24332851433803965,4.273189364859426,3,2019
3.077080767651888,0.4883009302859075,0.2381555461950357,4.470550596345833,2.6086335180623967,0.5155327550449887,0.2426021479256501,4.380912226373994,3,2019
1.8789494851994852,0.5694289332156979,0.3033480085160595,3.8498787386431346,1.7130550193050194,0.5999493243243244,0.30553023648500655,3.8784586919552853,3,2019
1.7488661546302349,0.5887281275681522,0.2731602822623821,4.249359886417285,1.3169743377104006,0.6321914604520845,0.31290867739588313,3.824355574041849,3,2019
4.443040293040292,0.41537388051867685,0.2166211749128938,4.614983095656163,1.8900305250305252,0.5801324786324786,0.28803766649926565,3.95112503465652,3,2019
1.0781642957930508,0.6549136076803787,0.3000765886743738,3.8806016654763833,1.000488741616911,0.6668930146932233,0.31103154933886606,3.757612928119063,3,2019
1.1101292261247506,0.6523445151978479,0.2950063613433799,3.95769272247394,0.9808726856376793,0.6699749878981446,0.3011875893200143,3.8914192891506225,3,2019
2.131021421107628,0.5082344489519945,0.2661563008166692,4.1554923766464045,1.6105538140020899,0.5653187042842216,0.27331884368491416,4.038599869057099,3,2019
1.243904504357677,0.6369538873039466,0.2861006696195654,4.073543789321822,1.0657066782954914,0.6593367272647699,0.3031429665367976,3.880883708788191,3,2019
3.742063492063491,0.5178197945845004,0.26948404247953917,4.008984098108636,2.4424603174603168,0.5108426704014938,0.25003937853757957,4.180979584382866,2,2019
15.276041666666663,0.1896633417920182,0.23077555258836815,4.29719529780426,8.167013888888887,0.27709963498566437,0.26189727168495125,3.9985946250273994,2,2019
4.995783259540375,0.40589081014351697,0.21880432128577962,4.620412759976602,2.914663714948345,0.4788688593717057,0.23583166271403583,4.357138993758654,2,2019
2.164899994185708,0.5494488650160918,0.23937575147271453,4.459010546462128,2.0996684400255825,0.5711376148750098,0.2539406487472864,4.300746515771568,2,2019
4.683367666446935,0.41298956302569767,0.18039190261503055,5.188486330809915,3.103659909909911,0.49411665963226226,0.22153406698833167,4.8079869322624305,2,2019
1.5348557511678098,0.6088826847890543,0.28084765897908603,4.165372251845167,1.0886304067964117,0.6588437842110483,0.32704322075258374,3.6751991835002222,2,2019
2.737948717948718,0.5179183365653954,0.2280599516279192,4.504652069437597,2.663392857142857,0.5180113930187459,0.22829982009548203,4.4931351655361285,2,2019
4.826818181818181,0.3970676787441493,0.22239185850774223,4.507053633189783,3.084545454545455,0.5708996297819827,0.3436889223666718,3.579312829262322,2,2019
1.2655813576712198,0.6440277230986702,0.29951689818307137,3.9563873792415762,1.0411997572857021,0.6605604404841542,0.31400241506724624,3.7678128921014316,2,2019
1.1994179894179895,0.6516560846560847,0.3074067582944451,3.7362004922627716,0.8991005291005292,0.6658148148148149,0.32346699068501594,3.530560412623509,2,2019
0.7460440316477468,0.7270811833505332,0.47992217231860673,2.4247558654581134,0.7284141726866186,0.702562779497764,0.41219087040435365,2.7458469084201402,2,2019
3.061625572495137,0.4281773710801844,0.23208852865748392,4.394206346955612,2.5342163874772567,0.5473469163686554,0.2786315676287338,4.037078832122012,2,2019
1.0483630952380953,0.6484375,0.35360326398436176,3.2377869122436453,1.2073412698412698,0.6168650793650794,0.34084944064757705,3.333434144776579,2,2019
1.5540849673202612,0.5704084967320262,0.3043802978001521,3.6193565683460087,1.4691176470588236,0.5609313725490196,0.3007803457969217,3.6420450777915763,2,2019
1.341177389561806,0.6059793856471655,0.26712823253998824,4.118858547480077,1.2086136522028328,0.6437776602478076,0.28654129758994185,3.9237615564855166,2,2019
2.0942460317460316,0.5540674603174602,0.3367842882228984,3.3049798521900366,1.7812499999999998,0.5688988095238094,0.36489370702161406,3.0873964693307947,2,2019
1.1876367966828816,0.6424590217600605,0.2855517149680269,4.049591385312562,1.0693854275136592,0.6576470061586945,0.29956051316894955,3.919718884812502,2,2019
1.236111111111111,0.6200396825396822,0.2725567814936794,4.0223142329346695,1.0436507936507937,0.6234126984126982,0.3193863549044972,3.5410372110980717,2,2019
1.3912196030617086,0.5959589853010906,0.29713780551861324,3.8316444522980806,0.9771083113188378,0.6780766104450318,0.42190894953953173,3.0818944446932592,2,2019
1.8866818488529016,0.5783398328967215,0.30947405312952075,3.6741172361182475,0.8434379217273954,0.6831848852901483,0.379507174659639,3.045043281628633,2,2019
1.1336798980290939,0.6456569876024844,0.2944686975320164,3.9424753157501846,0.9700500867664638,0.6692361576874303,0.32114296506166645,3.705791025069111,2,2019
1.4326628299286566,0.6164449423181761,0.2637881816591344,4.313177619174991,1.273807293546058,0.6331510620156802,0.27321553618925987,4.156888621817531,2,2019
1.2307471087713757,0.6414667695253151,0.29298073770872324,4.064669127423791,1.0864865515312863,0.6581001471577125,0.28266831913642865,4.067707887137051,2,2019
1.1250247202861792,0.6517036345763703,0.3009671583527393,3.9218857376037564,1.0062306950461735,0.6674213920702514,0.3172486006356668,3.754909037752804,2,2019
1.3765250686874047,0.6147132625329623,0.2800974591690619,4.0769880262565605,1.2281741124247878,0.6473587251010765,0.2993362955457232,3.8619561671340352,2,2019
1.3459592243018896,0.6248296567543088,0.28793647857222016,4.060734501663407,1.2409617381853826,0.6496811102099057,0.3185643783249024,3.838382216628031,2,2019
1.5938230686966708,0.6027331946355439,0.2524121162612524,4.470899886851928,1.1174848518694103,0.6540065447852178,0.29700004163095517,4.007129132927942,2,2019
1.104998319958582,0.6547610479116467,0.30547615780138176,3.8850468561094025,0.996344228214196,0.6689361050170576,0.3217599253501553,3.7282400133533993,2,2019
0.9623927505455465,0.6927572577954517,0.3569206716288301,3.435489534631583,0.8040305055095676,0.6936166792908798,0.3653257028336778,3.2747099489280966,2,2019
1.7472807773545123,0.5862139501219159,0.23379688064110302,4.613392792335266,1.4020598364685075,0.6214470409844257,0.2601142266529986,4.333808843114189,2,2019
1.2409470156595357,0.6383100615658371,0.28015084236728893,4.113394291356109,1.0663713102421966,0.6593303222847764,0.29670093997288494,3.9340200698079024,2,2019
1.1902663007222056,0.6427492997511205,0.29006176435212283,3.999957377255158,0.9956683482602555,0.6667588339829604,0.32453363084887005,3.713944374942147,2,2019
2.82967032967033,0.4824499030381384,0.3009854482429344,3.647882958066029,3.271978021978022,0.5171590174531352,0.3502256918450067,3.248254198124314,2,2019
0.5633116883116882,0.745616883116883,0.5118042518157341,2.170833884976593,1.462012987012987,0.6223701298701299,0.36258516846484135,3.188072086941425,2,2019
4.900932400932401,0.332339229398053,0.2685913746237766,3.961150450225731,4.67055167055167,0.35847159376571147,0.26825768013786466,3.954157443232724,2,2019
4.158678086619264,0.45211424388760035,0.3110288630469712,3.6677957384278956,2.5849332040508513,0.5112168079901644,0.3414173643237684,3.3549573500470062,2,2019
4.881168831168831,0.3707724628312864,0.2849582174522477,3.7250882220628942,1.7121753246753246,0.5850162337662338,0.3711230876697278,3.042421315177526,2,2019
5.412946428571429,0.421206165158371,0.26512245505747445,3.988305607273523,5.741964285714285,0.34005858112475756,0.23396708613079129,4.330025545995514,2,2019
0.9757621484743447,0.661072663771565,0.3143153897294481,3.7138522361661024,0.9917371028668326,0.6641627880886801,0.34287680625196804,3.5582124666540964,1,2019
5.925168871376303,0.4080085409601892,0.24019354234993442,4.375118868674264,3.8529059949338587,0.428987946582647,0.2691339253887317,4.042891882825326,1,2019
1.4159237049728197,0.6428577538636497,0.3191348966324947,3.7615873032666634,1.3181726843919876,0.6554538085302017,0.323632827461897,3.706124323318445,1,2019
3.336585782638415,0.45610996897839007,0.2389120566309947,4.327000264113136,2.475100250626567,0.48671942556927084,0.2561852858122684,4.1243980053864355,1,2019
1.2823651095023807,0.635217804082787,0.26540638474590517,4.196995158360785,1.1203456114857921,0.6525873523507522,0.2873479419664216,3.987268299090255,1,2019
0.9119504843189052,0.6737674753864685,0.3310085606074672,3.426516001770787,0.8444027224347592,0.6849449416726305,0.3844678263570431,3.078313876005184,1,2019
1.1027403101342819,0.6522468617442532,0.2962378630605057,3.8957593804736166,0.9204152507219089,0.6808869828370544,0.33399195959160266,3.6113368117767406,1,2019
3.744929469048727,0.47992730332943195,0.19416744578494385,5.139592976765439,2.755928299499958,0.4954822520245295,0.21209933634751965,4.781017534494258,1,2019
1.6296601757201994,0.6057824425101446,0.2860902036738814,4.041473567246499,1.9403737574272757,0.586484922427325,0.2695591546101461,4.214351072166561,1,2019
1.1292803168396512,0.6479323951531211,0.2956239655156508,3.9138767314691516,0.9728919766966039,0.6708833770124658,0.3185650688092618,3.697971433775546,1,2019
1.2350409366487463,0.6376500376961001,0.2956437276997365,4.016089528708656,1.0936636428394528,0.6567770855262756,0.3135018209605386,3.841176015608599,1,2019
1.1280211033813077,0.6570423138546375,0.27612458622787717,4.005261976480475,1.2180130725781488,0.6307147194686771,0.2832865023131396,4.090319104836194,1,2019
1.1942653881843488,0.6501891075209975,0.3151655363224579,3.6507010273004794,0.8317160175117181,0.6998381772109734,0.3755767219511966,3.1309502955707122,1,2019
1.5176396964649848,0.6181662976005152,0.2497467234196851,4.468148289069049,1.4339197048433827,0.615876063590493,0.25321684097944047,4.394183700235247,1,2019
1.5499027785620796,0.608483554288486,0.2592427080066193,4.24003806470504,1.907869694139126,0.5814802929687959,0.24250055177660482,4.473639371281633,1,2019
0.7612121915760325,0.7095827501247605,0.4074216113912629,3.0436956238671833,1.043135134432959,0.6288534146523643,0.33378126399889607,3.4251965806337936,1,2019
1.3882235887708283,0.6178664324518597,0.2602858426096788,4.300117877026438,1.1698066073924247,0.6464391848061071,0.27759720928411213,4.122826202052692,1,2019
0.7406565656565658,0.7102777777777778,0.5221046128468315,2.2599969803075046,1.2065972222222223,0.7304135101010101,0.4568652756000556,2.5663595539949355,1,2019
1.1152407620614424,0.6518181745665512,0.29796983014906697,3.9323237303161496,1.0059608754682972,0.6669843863130608,0.31269946881470145,3.7830069360528387,1,2019
1.2425739232479285,0.634457669516211,0.2561733826814495,4.338850411924885,1.204700538989515,0.6340048464647021,0.2720775023444766,4.190285607320979,1,2019
3.067205356916606,0.5146995242423239,0.21926474012257208,4.631921805646776,1.9893715171633728,0.588204794418545,0.27081359068270894,4.288680402185793,1,2019
1.2664374371493963,0.6320476399594591,0.28296390415530215,4.0942714532683695,1.082487909318658,0.6537690051224982,0.3046622020038678,3.828850372834157,1,2019
1.227557487775095,0.6213980097590478,0.2835325358910421,3.9319502835866955,1.0165771890918691,0.6779388878084803,0.3349375066739183,3.609695929935561,1,2019
1.28821185436985,0.6329562693190813,0.2841962948479064,4.1126382959791545,1.111074476012632,0.6531499452945206,0.3052491820718012,3.8995251540948948,1,2019
7.72181519138756,0.30156574752646736,0.22645391086747382,4.404868368467411,3.352153110047847,0.44317020827469744,0.2808270049030312,3.8377861325603693,1,2019
1.4392164219101766,0.6223181690728756,0.2904095059825282,4.0328456651331,1.1208858323745114,0.6549602616940657,0.3104430616501139,3.8510044424029664,1,2019
1.2596754976857487,0.6352149052194355,0.2675441693305974,4.297498833582251,1.0914926814368804,0.6561764906516078,0.286107500577073,4.113590411793694,1,2019
1.4017014981268665,0.6227100144909656,0.2707647806651559,4.232501299128707,1.1711423628716817,0.6489505129873357,0.2926554436480876,3.989019730053494,1,2019
1.68128663003663,0.5766701950010773,0.2899311288730613,3.845515086687045,1.2095146520146518,0.6175668498168497,0.320495031586137,3.5352215693606848,1,2019
1.1470602596869786,0.6488693405952012,0.2971386063893081,3.9558343322989646,0.977402986206707,0.6705230658880805,0.3139741215126324,3.776421462413545,1,2019
1.2448470421078535,0.638427542151056,0.28513158998568366,4.088791896557483,1.0745725734896712,0.6586053757097434,0.31053568351449823,3.8354086555818983,1,2019
1.3030794613698085,0.609896717600943,0.28529069501984006,4.00114121651177,1.0749130683288188,0.6428160600988748,0.3257682462602524,3.669260439054595,1,2019
1.2284641008396426,0.6429328133366988,0.2955128275076062,4.050291743689487,1.1469336608427334,0.65068503161851,0.2916835354674765,4.063851267158553,1,2019
1.3092737979460816,0.6301258636118604,0.2680165848527749,4.217341706225205,1.1227155002559184,0.6514731297172818,0.29366840362582947,3.9518182877363337,1,2019
1.1566673687143696,0.650021026119534,0.2893143314004444,4.034861958523286,1.0225432693277985,0.6662436011120187,0.3040569052190285,3.9068991260193098,1,2019
1.1240778454389786,0.6485672792926601,0.2951944649694238,3.9684179362767136,0.9960373716403339,0.668224943294199,0.3152357885805213,3.781546566656517,1,2019
1.1804162303347696,0.6440788067434646,0.2787265011145153,4.095803028287449,1.0351133335765093,0.6631419263288089,0.2964079444292038,3.9501666826492166,1,2019
1.8532301032301033,0.5592755283931754,0.32060302035323207,3.5043454058551378,2.5706793206793215,0.5274490215666687,0.3031720059083346,3.6298047634824004,1,2019
5.815406162464987,0.37503491209373574,0.2677500162481212,4.081349223616418,3.8876696832579185,0.5467651811855964,0.38776711250329976,3.2808845392550827,1,2019
6.314517912428129,0.36516244864223374,0.21283877693213915,4.555138096201323,2.4402366209641753,0.5397003538257408,0.29635782647316167,3.868782497153586,1,2019
0.8574462810365427,0.6880857627897793,0.31616081470137286,3.775301612602793,0.6975507402215084,0.7256628538360351,0.4187313957677945,2.9704804981792337,0,2019
1.1349941144292792,0.6462143358589904,0.23654349866273086,4.55277130657901,1.1567514497619664,0.6522458926587611,0.24453396488024584,4.597097098663625,0,2019
1.1612472887303649,0.6503424760402633,0.2818814996757229,4.232136091066572,1.1230461794981026,0.6542951214070536,0.3125892673652331,3.9502190980188066,0,2019
1.1142259230900264,0.6469042487501903,0.29299760170861455,3.9234249079526826,1.066166093641708,0.6571132958705393,0.29601260110244354,3.9756107813788724,0,2019
0.9508488122636586,0.6733398998871234,0.3123419833745331,3.832429568319847,0.6896289512277137,0.7234179118478175,0.41060402087106807,2.9907716981408488,0,2019
1.6656628438871894,0.6203165880946724,0.24624324020001778,4.820020330172676,1.3893842942066046,0.6448610917885789,0.2722033056433337,4.504391907538192,0,2019
1.6020424226178356,0.6087147078062092,0.1988003975222557,5.121446928145542,1.44094754716988,0.6187864408185099,0.21256626959827313,4.9968716065512755,0,2019
1.0380931167115213,0.6634037877303991,0.2994574139108098,3.922439745846782,0.8876149811010194,0.6867435604911333,0.3261032512017449,3.6850945999607227,3,2021
1.1896197552447554,0.6547935452705189,0.3599458206756291,3.463997142372386,0.9095273969451603,0.6706686487854251,0.3837720255849301,3.116820107321235,2,2021
1.0555428201306263,0.6671854500727334,0.2992152963755571,3.99109655592383,0.9160897157388321,0.6850100512712398,0.318899309583645,3.7960581922211762,2,2021
2.7248917748917747,0.6087229437229438,0.45567941394448286,2.8163122854781246,2.3008658008658007,0.5298917748917749,0.3886511662943192,2.9066150077076967,2,2021
0.863708515434904,0.6896429972036413,0.350797344343987,3.480485455051813,0.7697224079544875,0.7077519505595419,0.37603330688431047,3.300459498510002,2,2021
1.255655916602976,0.6382127130551895,0.28098534404679115,4.155676343550112,0.9913782572735528,0.6717679846803519,0.30876078542728214,3.863736401804583,2,2021
1.147549703358029,0.6498297625141198,0.28569744357466637,4.064874412802486,0.935549538133062,0.6794194584664496,0.3186340081260563,3.758057065220238,2,2021
1.0961211694155901,0.6581374070715962,0.29768157109614957,3.979115798470011,0.9323610898020319,0.6805340601710437,0.32005392743431704,3.7565094442545406,2,2021
1.4411298762049867,0.6346969924555066,0.290687789248779,3.936610700671063,1.301800783576906,0.6476267253971838,0.28034341880673647,4.156759254854667,2,2021
2.7160633484162897,0.5751064679265372,0.3610363489076817,3.2032780586073275,1.4513574660633486,0.6069004524886878,0.36388401349028965,3.226386711059157,1,2021
1.126785714285714,0.6583298319327731,0.37569578596691044,3.1328969507455926,0.9328081232492997,0.6293942577030812,0.41933144412349316,2.7512216226237216,1,2021
0.8327380952380952,0.7164880952380952,0.4356159432546947,2.7927079907828394,0.9190476190476191,0.6864285714285714,0.3813234760022537,2.919500828029883,1,2021
1.0272727272727273,0.6410389610389611,0.4066074257959554,2.8163375685869982,0.7798701298701298,0.6801948051948052,0.48138922586673183,2.3475223595884436,1,2021
7.594017094017093,0.3705290769996652,0.27657882644328236,3.8782856532096193,4.285353535353535,0.4035593491475844,0.28665453071183966,3.728130253054219,1,2021
2.2035256410256414,0.5254364508040981,0.2795409389695795,3.7922193270778797,1.7049617049617054,0.5566849816849817,0.3172727172949531,3.5092003812698014,1,2021
3.060989010989011,0.4866742081447965,0.32798646148780913,3.522864362560363,2.6629120879120878,0.5745168067226892,0.39504653237529125,3.1933365069980066,1,2021
6.199682180564534,0.3796944754044835,0.26727299988636205,3.971068036654532,3.099800689506572,0.4129632622279682,0.277593548531734,3.912228102380465,1,2021
5.836300309597523,0.4131996139212493,0.24538176420662244,4.300402181478031,2.518299425033171,0.5024601946041575,0.261735505740183,4.042207306979732,1,2021
4.813244047619048,0.33972251400560227,0.24664012081387626,4.158111381155162,3.665773809523809,0.46460259103641455,0.3636462713876685,3.3022903152780088,1,2021
1.8867000646412415,0.6052407886231417,0.3703136653109774,3.3174717045765765,2.5063510019392377,0.5520592988326553,0.352412049497829,3.4446241959039847,1,2021
13.980934343434342,0.17441156427921128,0.23550519277213622,4.3093295122061965,6.0017676767676775,0.3049964577905753,0.27213166863020977,3.916022362445669,1,2021
2.4909751651856915,0.5045670995670996,0.27832326438892463,4.017960105371527,1.8030348598769654,0.5848503075871498,0.28337437615893124,3.950796849829181,1,2021
2.654416839199448,0.5274842875226506,0.26255987181207885,4.1140061373749495,0.9849347512390991,0.6911953384779472,0.41908344099286504,2.802317084757951,1,2021
2.677825916101778,0.5146103858578503,0.23189237637822127,4.506346207440837,1.9525007368110818,0.5866511069502955,0.2957796040495972,4.01614402424781,1,2021
3.120151515151515,0.5194929884635766,0.2664805595019645,4.120669065916914,2.176818181818182,0.5777776635129576,0.2857349749114552,3.9544279248352376,1,2021
3.5504179728317657,0.44113853923024415,0.2505601640746766,4.382794801324242,2.5213386129901556,0.5035086101756326,0.24730497094390094,4.206585704169256,1,2021
1.7725333177460838,0.5631751227495909,0.30209330213616564,3.6360685848687044,0.7056274842179098,0.7123604454056581,0.4217375680064795,2.74995224666368,1,2021
5.395560289118085,0.4120898524583573,0.1950013366074423,5.049687682035828,3.2833093470686254,0.46676168794174544,0.20731706271471262,4.838750929388454,1,2021
2.3328998032779547,0.5408245367254265,0.24769939086828363,4.4013055603911875,2.316622138365836,0.52398776149703,0.24449229907390255,4.431459343787474,1,2021
1.7147673725512285,0.6060500743016743,0.2988085587490975,4.0206135567534425,1.6122755390348529,0.5999334726991525,0.31045343689313465,3.822095173256397,1,2021
2.568037135278513,0.4782594788578561,0.25331430985694015,4.24344760229245,2.1046861184792216,0.5033364539449733,0.27973447413572905,3.9665839136298215,1,2021
4.214367129562072,0.44192262313916003,0.1831616096540221,5.293278511751746,2.4411690325227022,0.5477881885731761,0.24866687833278858,4.450204253340364,1,2021
1.4459599587384036,0.6429970642585552,0.30935822573479893,4.1219917846860215,1.3922723107851134,0.6257359190407226,0.2935004760430346,4.13184337432679,1,2021
1.3391955894783951,0.6348592939277509,0.3000649153645128,3.983239542134989,0.8757458604743672,0.6963163815822186,0.3728587616154819,3.317725574252631,1,2021
1.6540988735919901,0.6222790507364978,0.26401859980056486,4.221105409757754,1.5656289111389237,0.6115222152690863,0.28684216369767135,4.040682020765941,1,2021
1.1892814743464881,0.6557685287069094,0.31029759591100403,3.9462253969562795,0.9431583729124513,0.6907157754096693,0.3491666032208349,3.5420212224433216,1,2021
1.1365678114767017,0.6590568084102062,0.3232067297357697,3.7771646563892274,0.8806657634439226,0.6955922796400593,0.36203550435550236,3.439088926669636,1,2021
1.038371597983152,0.661819478149957,0.3040678956833663,3.870195023745202,0.8626096068486577,0.6916253511847217,0.3404106644723748,3.581412618383784,1,2021
1.0480520536973614,0.6637370658954526,0.3050668926614958,3.9212274634217663,0.878302508335882,0.6897743450532161,0.32969301355678904,3.683319095335195,1,2021
1.1956707453187039,0.6474703611877728,0.29372883415945883,4.039201641464423,1.0447669553155674,0.6704423085533578,0.3100002811945294,3.8849816528089827,1,2021
1.0630357830844224,0.6657121765095486,0.3106257092459993,3.903107059284683,0.901728568959919,0.6879151222368414,0.3279032254452044,3.7250539768563478,1,2021
1.0820892931936874,0.6610062907810417,0.2957733436893405,4.058618374132999,0.9240817718516527,0.6840459538050357,0.3165182633553776,3.865524014943595,1,2021
5.0568533182503765,0.5006371397323287,0.33096731081021585,3.6277598390105465,3.106829751131222,0.47312358597285076,0.25761395333817594,4.099115714172654,1,2021
2.233031674208145,0.4841229704551504,0.2511918191438905,4.1649152052694065,2.4671945701357463,0.5014306627628428,0.2547526750473709,4.175728991938665,1,2021
3.989973262032086,0.4025844738943446,0.23431453108733147,4.359007262752998,2.8595553053757383,0.47178440754292145,0.25535746602342635,4.181403870284571,1,2021
5.219885057471263,0.36442323695444295,0.19773984012258067,4.854118223906983,2.4962842617152963,0.48192043740573154,0.2341313350391658,4.393032698714851,1,2021
1.4439898289412856,0.6186476126196288,0.28347497982317404,4.159708426669377,1.4561772370024797,0.6145523327804882,0.30659069529064487,3.9385591099706025,1,2021
2.235374663742279,0.5789699838064815,0.257152340976883,4.428285124155254,1.6983578177902336,0.6261199260193548,0.29661305325426535,4.263782730747074,1,2021
1.1909736826341653,0.6468066140658207,0.27465740619975065,4.207524429979461,1.0561260330713156,0.6672580091669084,0.29240442662356575,4.049427409839272,1,2021
1.1102650833164478,0.6546927068894297,0.2999899744566049,3.976900426467842,0.9799049258136306,0.677485329658442,0.31821450921553673,3.871896413276029,1,2021
1.0103806656414267,0.6684005191366044,0.30550255422318695,3.910507739021076,0.951961773705581,0.6745434669210146,0.30327897975960744,3.861627081652631,1,2021
3.0138888888888884,0.5195261437908496,0.27010061693086834,4.056603145727683,2.0694444444444438,0.5276027077497664,0.2552282730690406,4.1420980223473896,1,2021
3.7064787064787064,0.4588519867931633,0.2310157319046176,4.518728887102523,2.5398212898212904,0.49487130516542294,0.24011475813214375,4.338170865698331,1,2021
2.4032707339692636,0.5495391163222046,0.26408104937052285,4.150513744233564,2.226618806306306,0.5301723138579756,0.257189424006701,4.292750613770684,1,2021
2.2497429989365476,0.5314442973219065,0.27420474369344044,4.152021558012177,2.137816574106897,0.519916562985823,0.25419333962764307,4.270781632119046,1,2021
1.244834800302936,0.6442618070470155,0.30807912949289395,3.880479065403285,1.1398777734340284,0.6761357905142326,0.3644330071565993,3.4723790324353074,1,2021
1.4118073085890868,0.6449104377176431,0.32245622572187665,3.8411902265657516,1.235268742019696,0.6482678749360719,0.3075644687856442,3.924017853644771,1,2021
1.369366545527162,0.6512432211292959,0.23764343494126763,4.744324407471895,1.1299948099637125,0.6889548469483933,0.2721268540241704,4.483721077825175,0,2021
1.3263941028820405,0.6262625318527559,0.2695964369571501,4.182491304750372,1.139191859317133,0.6477739359942244,0.2929969960323573,3.9703985133036728,1,2023
1.4030225756632386,0.6206279810763182,0.26130650826777985,4.294886012827157,1.1457494697817177,0.6502741508874126,0.291048210732864,4.01428779683335,1,2023
1.2241855593072213,0.6391657937437781,0.2760255686956379,4.119783753074395,1.078190362598296,0.6569616326921935,0.2970421872012666,3.9521322336543374,1,2023
1.251127921255528,0.6309859482040109,0.27171695796640516,4.13603825350555,1.116784675659911,0.648898667708639,0.2913353487092518,3.954422338108261,1,2023
1.300248447204614,0.631692332264036,0.25517676356819213,4.424947752844397,1.1463786184291165,0.6515795553728817,0.2745405195973919,4.210733531928993,1,2023
1.3651790961380574,0.6225166623440954,0.26689076491875396,4.239129957667335,1.1592397194694075,0.6444489954419383,0.2889192993301178,4.016039925245533,1,2023
1.0992378556254596,0.6534168374457103,0.300500208125868,3.941641053043016,1.0200136458494546,0.6632354204320066,0.3159448464157338,3.7765798336758176,1,2023
1.7726071414995195,0.5978903970135755,0.2364655670518001,4.6616335303426,1.5056648391266994,0.6169822536051707,0.26069255603352537,4.432546970605213,1,2023
1.2448658390069083,0.6380783351320085,0.27794368480002907,4.171893564158865,1.1131155799890928,0.6528334336820864,0.29412520731935576,4.014576502291711,1,2023
1.1728584645993485,0.6476724298865598,0.2905931572666034,4.030855216710969,1.0331108077332112,0.6652588141075264,0.3051897031554823,3.9109977293308855,1,2023
1.2803529835708678,0.6324754322730153,0.2871015016965721,4.08155812837345,1.0809651783169063,0.6580280617819501,0.3135661785445115,3.828178703730859,1,2023
1.2024654406673867,0.6415597714412488,0.28867781114143864,4.043250980051998,1.0430128156524643,0.6618625376545457,0.30824598726138414,3.8663409574540366,1,2023
1.1624145019298304,0.6455069982979317,0.2938530329921895,3.982476163457676,1.0281903244432549,0.6630143066021279,0.3094690671886872,3.8286497861352817,1,2023
1.2448124134431102,0.6370305096343344,0.27646277624371585,4.1281012213051085,1.0774056666647294,0.657206343176608,0.3041523495066776,3.88200729389376,1,2023
1.4061890434843252,0.6230280531189694,0.26371123267905505,4.25934033496133,1.161811994831231,0.647046138484366,0.28802562390725384,4.0182699599239635,1,2023
1.207372756760537,0.64442964515527,0.29307149933009685,3.9927209595395863,1.0407955460203078,0.6680341953076712,0.32534562391019317,3.730088460252029,1,2023
1.1768314468894805,0.6466830091564114,0.2832607696647993,4.036524287933679,1.0515423533608714,0.661593769024905,0.2994111514797012,3.9107909129066516,1,2023
1.4612423977974445,0.6114087056745113,0.2520973630200323,4.378688752920107,1.2664637573494197,0.6317190987578283,0.27019916804534877,4.154758682936585,1,2023
1.2017979144100674,0.6428455746180296,0.2891643777576056,4.052291447526204,1.0447879551480646,0.6626586022262099,0.3138306327517891,3.827703148102472,1,2023
1.4014212034268854,0.6280658248423913,0.27926486489894337,4.119765029156087,1.102611524384534,0.6574909116710953,0.31075800700857736,3.8123805828558024,1,2023
2.781887709991158,0.5087836115878712,0.25076248121019284,4.250745437449192,2.7517285587975246,0.5174389920424404,0.26537466414528194,4.115746185273564,1,2023
2.768030303030303,0.5104875222816398,0.2859017581173574,4.075580696831532,1.6398484848484849,0.6163645276292335,0.37979657521645505,3.2621196538754096,1,2023
3.3445916828269766,0.5395259008580808,0.28455268125960115,3.838232325592218,2.0293255763844,0.5305860805860806,0.3170529298001343,3.6053523456358647,1,2023
2.787988581466842,0.5089158851946576,0.2896802938810563,4.022770726740033,1.9133650166258862,0.5823781752490191,0.30535249295593214,3.7958519757472136,1,2023
2.77154363180679,0.48343020807881487,0.2743454564265576,4.017796116031161,2.0767133743449535,0.523213575382306,0.2556871015992734,4.141087730972767,1,2023
4.65930371352785,0.3840463320810878,0.18868682534039308,4.939691311675641,2.7950762599469496,0.46700563660477445,0.22401622430265067,4.497139734863227,1,2023
1.133650831569413,0.6467713491833784,0.28971699836497933,3.9816203472422025,1.0001355611827105,0.6658601376189041,0.3036841696476945,3.856224774116234,1,2023
2.955452753735561,0.5318593695961122,0.2180561552714561,5.020059538360268,2.193196671067244,0.5711135623097712,0.25452551261619355,4.6251958419708625,1,2023
4.926781674208145,0.4526768621649844,0.2592508897032014,4.0421869196433144,2.2042090874811464,0.5782687594268476,0.29068589583407956,3.898725752458279,1,2023
5.929812834224599,0.37338559771404445,0.24352888394670147,4.346464824150796,3.3011891359414576,0.39323417658648047,0.2161385849504118,4.554383411046806,1,2023
1.8940962608740475,0.5926225599003622,0.2631595167945665,4.538187702602973,1.5747380037770196,0.6073620372386347,0.27588599317866713,4.305036958348878,1,2023
3.879945054945055,0.4913396897220427,0.290304704967341,3.7310408599058302,2.5870879120879122,0.4768956043956044,0.25329537226527854,4.088371697901129,1,2023
2.2026012153112995,0.5289212663675096,0.2552589738075499,4.323698541371607,1.6958265124231513,0.5683905215726768,0.29703485707324595,3.797878715031249,1,2023
1.8548701298701298,0.5876298701298701,0.4276419564880616,2.7635787328807733,2.0862012987012992,0.463133116883117,0.30216130766231697,3.584074888012998,1,2023
4.088567005749669,0.4283996689888149,0.24393322287405816,4.371568866506141,3.578560371517028,0.5103506787330317,0.2936889804282712,3.7907332233046485,1,2023
3.9038406684217932,0.46033838588247533,0.20903813396380155,4.839297811608618,3.0299273861044806,0.47503646016293377,0.19330991629562158,5.027600168504046,1,2023
4.2002976190476184,0.387046568627451,0.24194471531454181,4.226366840599738,5.211607142857143,0.3435088073691015,0.25316563347868726,4.093634563816599,1,2023
1.0736651929912164,0.6571827043293168,0.3104794999760453,3.802402058609703,0.9104539762996449,0.6792456418710134,0.33356080765403795,3.5728481250439934,1,2023
4.768272562283451,0.3707460202869619,0.22300739926340987,4.556447022649156,2.6474179178353405,0.49279676232809577,0.25026498407329356,4.246392915887563,1,2023
1.1476204346408796,0.6525358468274878,0.2929863001760508,4.030145224982664,1.0093972249262553,0.6694643422269513,0.3105751028892356,3.8751438176208857,2,2023
1.0832355911695568,0.657576750000055,0.3114218818210763,3.8363284628363665,0.9601215365522786,0.6752844672819405,0.32822093000702496,3.669543385161627,2,2023
1.2130445726438055,0.6384000160581758,0.28698710200719707,4.056476503169971,1.0758538202337482,0.6581791569166614,0.30496632665949963,3.8791693409427803,2,2023
1.1506658117817323,0.6529544991560764,0.3119820428382566,3.8541046120584137,0.9575076274349781,0.6761142422149464,0.33337320286793065,3.646676350038633,2,2023
1.2062441725012485,0.6427655211760779,0.29421805050396294,3.9931720944913787,1.0213743132565356,0.6661831223574052,0.31577158034980146,3.791791099265377,2,2023
1.2854839444844373,0.6309151490809628,0.28168405529491053,4.099452019716192,1.099605709427458,0.65340705604326,0.30298579478730914,3.906658126943252,2,2023
1.864064203035323,0.5913880807712205,0.2505157415271787,4.582702623326131,1.5228578557694419,0.623640864167507,0.2802618473726139,4.324367207541395,2,2023
1.1699059390075521,0.6510804375812468,0.2737144791646908,4.188026551865541,1.081026702456767,0.6580643828454389,0.28890489205321834,4.078907544285898,2,2023
1.129402102011934,0.6524305941027384,0.2894659106118313,3.965512774719497,0.9978363761735033,0.6690528881255173,0.31278328299167757,3.772063269038269,2,2023
1.2294422579686037,0.6406936153485715,0.28735444003928623,4.071316836415615,1.0714323750565768,0.6588279631696173,0.30344068703532506,3.9114070848714007,2,2023
3.6252434419713824,0.45648742842190076,0.21856562594978687,4.623904348425831,3.4690712771595122,0.457045167339285,0.23299075966182864,4.5030084630015805,2,2023
2.285232285635512,0.5139335440545119,0.2353991644845668,4.365133070921342,1.747733270313916,0.5698391151332329,0.24169526475220324,4.312467685907525,2,2023
2.607112635240094,0.5607365813108433,0.293645424908063,4.051161471252906,1.8900619284175542,0.5936258890266851,0.3349216317430928,3.795644630600908,2,2023
1.6948798202139765,0.5961631163022103,0.2626248127155708,4.318857538266377,1.5115867252777502,0.5956364788380928,0.2751134178717354,4.122182087021369,2,2023
3.1964285714285707,0.46593137254901956,0.23645382583756075,4.3424352001199225,2.6329365079365075,0.5089142067083243,0.24619283940410389,4.244162729856072,2,2023
3.6647981647981647,0.45406886142180264,0.24398717722385596,4.317176109370054,3.331182706182707,0.46953822321469374,0.23585829811937786,4.437282416004911,2,2023
14.465277777777777,0.2257926874838639,0.24224654110808286,4.232668164371782,9.096590909090908,0.2699636869489811,0.2442908635399309,4.176864834225063,2,2023
1.882679610705249,0.5881753060440766,0.25542336048086944,4.534573371262726,1.6273509597033158,0.6032333056876945,0.26612832887201154,4.360402283541348,2,2023
2.1030954470981165,0.589862807028941,0.2578878687961861,4.541111867001373,1.38511748450978,0.6291958715752777,0.30090063284197166,4.036599040622845,2,2023
1.8347020177352555,0.5608645129775526,0.2388521613666517,4.487223644881877,1.2829725319843623,0.6293440112529642,0.27531337302377945,4.1521680154859695,2,2023
3.1052036199095028,0.5061418685121107,0.3085959728500065,3.8689972174399547,2.892533936651583,0.5147240466444619,0.25036215862462585,4.167788324508062,2,2023
1.2477266410588874,0.6364925276726003,0.27387042185098875,4.184273885006951,1.0479854275534235,0.6580395581116978,0.29670723729543014,4.010236311587991,2,2023
1.6477723873427725,0.6080071143409481,0.2825371441218236,4.190626672434817,1.202475347394258,0.6333049454057195,0.31564547968288775,3.8662753501106257,2,2023
0.7124273236342202,0.7020308522894729,0.36153840693327477,3.2376243995118315,1.1549674463467567,0.6342942689494413,0.32680542021076364,3.6013190782509192,2,2023
1.0880837856140564,0.6481860561401062,0.2965120040855406,3.856809788102081,0.9405253511697045,0.6737533557068744,0.32474711501745757,3.721195190547756,0,2023
1.062971368652052,0.6552238619344715,0.30091860372634144,3.884090218999239,1.001536554811227,0.6646097733519075,0.31183486736924837,3.8032370637605517,0,2023
1.1748903178403776,0.6391094045067952,0.29014397683577703,4.009796756362905,1.0177700241297152,0.6628942933271844,0.32095431758669807,3.7017830416685835,0,2023
1.9068410587077538,0.5943442259026827,0.22958183021750045,4.92628227930023,1.419243961122873,0.6298978209814587,0.2551899882948781,4.603290893097476,0,2023
1.459680441808945,0.626366624928687,0.2599884884772724,4.444387552049028,1.1707271666940575,0.6564211556838022,0.2899066936523289,4.134360336222576,0,2023
1.2086210744366401,0.6411259850312132,0.22628986419491376,4.666545965440256,0.9926689589329307,0.6702109273628889,0.26067027129995596,4.292921031945574,0,2023
1.220021264041628,0.6445430854813347,0.27878736094329437,4.134785744622742,1.0834748377385022,0.653940919730463,0.294027765000727,3.9736250186076902,0,2023
1.1141958606216884,0.6536209863455223,0.2922199026923963,3.9605516952948348,1.0244399088120721,0.6635751160945794,0.29198912964131557,3.962429372850341,0,2023
1.2079349979811733,0.6395652731857305,0.29894681958888825,4.032798892374358,1.0550824595075858,0.6566258308218866,0.31561479301076883,3.8215129827341316,0,2023
1.084322672715892,0.6606275884450896,0.3011918802402327,3.9651999477478856,0.9015233021333415,0.6870925268670638,0.32861246811355765,3.6960653020016117,1,2025
0.9553303156439799,0.6788863292679613,0.3284318088182592,3.708290562385138,0.8166130854641463,0.7015863647216843,0.35308134870093133,3.499349448154498,2,2025
1.5748592491071844,0.602138506896563,0.281907828462444,4.193168128466891,1.2111238017752166,0.6623476410430953,0.33596774451797073,3.679961791602442,2,2025
1.3555010873033275,0.625528849915765,0.2729980724430313,4.238267819537531,1.1241541209265054,0.6550114196903842,0.2897351641117685,4.050576912988651,2,2025
1.3478328950470315,0.6294641283600169,0.28178636368367443,4.175872464195428,1.0449340404786867,0.6685844776396257,0.3251488174756263,3.7518008014386317,3,2025
0.9699812446713878,0.6773499382429015,0.32895738358255966,3.7161575787799936,0.8317810484279171,0.6998025988287958,0.3437048774448998,3.583019641297409,2,2025
1.2567123751796176,0.6420735887670835,0.29087170374850985,4.08960695300639,0.9546509199444365,0.6795770520077802,0.31528838124506253,3.808866726464189,2,2025
1.0363519456653414,0.6660077203615387,0.3034871903333855,3.9157015140950286,0.8707123127213912,0.6918644497499024,0.33084106122568085,3.6695867153445367,2,2025
0.9799845980064723,0.6749835011210301,0.31370576121636873,3.8444782925330365,0.8590899015882789,0.6933931251359975,0.32535418779597275,3.7342946001962014,2,2025
1.0939839120943309,0.6586625563592032,0.3101847018556547,3.891426328240652,0.9409424608940582,0.6816034274914078,0.33198344379749867,3.6795029409517372,3,2025
1.0320588860501527,0.6649385247713454,0.31304130431930044,3.7993724524538455,0.8430706693697386,0.695223714533768,0.3501190787890687,3.5009921697004804,1,2025
1.0618598714731748,0.6642430377094897,0.3132413374440985,3.85704100083997,0.8992402625280824,0.6864245514186147,0.34261788759187484,3.6031320535660654,1,2025
1.0354020432557849,0.6683277022397784,0.3138460966480376,3.8692662935876077,0.8805272877086459,0.6920321356955901,0.3280920689738655,3.721664548809483,3,2025
1.2859848358095425,0.6511017492063559,0.3132875146698637,3.9870352919765293,1.0414104811872313,0.6741817644241324,0.3286921552746825,3.768042287552254,1,2025
0.9860063562168313,0.6740440275664699,0.3180471044875308,3.796545332885941,0.9075198906339514,0.6849469259491003,0.3191348154483794,3.757305500560382,1,2025
0.9668804033691869,0.6772578375231324,0.31779066723959226,3.8024764603287746,0.8769478560061781,0.6898355306071059,0.3124711951859765,3.800723986618553,1,2025
1.0856782842887869,0.6607751642697975,0.3106092774902466,3.8886530537267765,0.9236732224013425,0.6836264009733143,0.33078851244113516,3.706358191651484,2,2025
1.1105496590858703,0.6544221214549002,0.3286317615905175,3.7426673174060343,0.8520515029389013,0.69099414279157,0.374485126417379,3.283830329328741,2,2025
1.1701320405390512,0.6430714385334041,0.3035417139074785,3.888680678641748,0.9549377352564621,0.6771643032524082,0.3218980960126976,3.6568921631593345,2,2025
1.0038767968797682,0.6701718905174701,0.32824558407022153,3.730566363782737,0.8634449002478768,0.690296976949133,0.34933204709723426,3.520931251672677,2,2025
0.9438348348913186,0.6800373362544563,0.3180745182372432,3.8006104482468026,0.8176408631827303,0.6999448030986033,0.34151994919985623,3.5853672360403728,1,2025
0.9842815688264874,0.675380508937043,0.32469804844626504,3.7507374427535334,0.8458545059654798,0.6968930015500296,0.33643149196819244,3.620286914136269,2,2025
1.0379818383892376,0.6655150965492248,0.3139233124032001,3.8299605079630425,0.9122423126709983,0.6832665645928986,0.3257002054210349,3.715507877824612,3,2025
0.9614800105658794,0.678111990856756,0.3286551677687728,3.6936831208541734,0.8340652119637582,0.6975692345419849,0.34952060405035434,3.5129674242413564,2,2025
1.0292502574839861,0.670545158363958,0.3255930609191199,3.7734137224999764,0.8676289051748368,0.693725954746061,0.340755611158361,3.6133471045809644,1,2025
1.1540629447891528,0.6510376885721425,0.31378176935925817,3.8554741573260225,0.935060218108176,0.6762737310139528,0.32613360695706406,3.69202431414994,2,2025
1.3090381447858106,0.6468738594751441,0.30206189313106785,4.077763906677265,1.032061227929468,0.6796418414089662,0.32998268726176166,3.8304587232164202,1,2025
1.4788489382239383,0.5583868243243243,0.3149303909686919,3.6346266687400948,0.8227638352638353,0.6916924066924067,0.35320453157789333,3.2695974146824476,1,2025
1.3305899314996896,0.630481285770996,0.2872214862356808,4.112625265118127,1.00175668174662,0.6713553512915915,0.32948613260858284,3.6817255032213385,1,2025
1.219319611669115,0.6488669911175342,0.31811206292764815,3.782867023923946,1.22588420475754,0.6365157640689323,0.3047555681006885,3.88347608057956,1,2025
0.7842376491757297,0.7041382207403879,0.4743788092181076,2.555838811048104,0.6530159297187161,0.696568958217565,0.45440111441828307,2.4152679717430807,1,2025
1.3981887067856906,0.6285126598441465,0.3368774353860001,3.6621390693660443,1.339106075112876,0.6358032729157108,0.32945867615688645,3.7207343959429067,1,2025
4.318000883761094,0.4494003704096326,0.18670329305104288,5.2370442678627604,2.679621551648926,0.5519508073695278,0.25297535946778893,4.5547705339015945,1,2025
3.0522435897435893,0.48392345399698344,0.30743941353888693,3.6115742666876196,1.5115384615384617,0.6430090497737557,0.41644125475762817,2.8602508978757752,1,2025
2.041208791208791,0.6273785038490921,0.388789638248988,2.994358248199343,1.7183233433233436,0.5399891774891776,0.32353504525831894,3.3978704840912184,1,2025
5.889738202973497,0.4196090448013525,0.25793932964812877,4.126675664320984,3.70548373195432,0.43957875457875467,0.2938205627739045,3.8002075050579682,1,2025
1.2006509699919858,0.6645344049347898,0.32608398569520763,3.804861319835582,0.9811340424354089,0.6876976844719538,0.36262512662626434,3.5037074985778984,1,2025
5.079448329448329,0.40075189339895223,0.267122973331767,3.9181694600769705,3.5283605283605275,0.39926413455825227,0.26781092317729627,3.9568351724294617,1,2025
2.722488863793211,0.4948532640987883,0.22153223192239335,4.494053479362422,1.2977680532028355,0.6120043603739255,0.3090334364504588,3.6381795253560623,1,2025
4.816052574876104,0.38674528439234324,0.24148831276308225,4.210558726254168,2.4697371256194787,0.5055903900021547,0.29835127442959924,3.804343409617373,1,2025
1.109884346745467,0.6652074252654363,0.32207877812537133,3.7661760560212274,0.8049248964639519,0.7110651343337282,0.3748079150643878,3.312565790687442,1,2025
3.5093939393939397,0.5073836555601261,0.26924978306828673,4.143071190924459,2.412121212121212,0.5509875222816398,0.31412115796749257,3.6906263055016897,1,2025
2.5794051478534237,0.49024649075663274,0.2541908063778372,4.214718840924507,2.869849690539346,0.47078889062256213,0.2291448928405072,4.446617143469238,1,2025
1.112654714252565,0.6622091403129299,0.3316053237531963,3.7104635224981966,0.8383733301012714,0.7131681042152329,0.3980418293074787,3.225717910649279,1,2025
3.3572206587450486,0.45846364919714994,0.2028234409131611,4.872152956654307,2.087982072128414,0.5100823737875388,0.22415280234254154,4.593393659774946,2,2025
3.897292250233426,0.39927775031581253,0.2160303130784188,4.500543692248422,2.742296918767507,0.4550420168067225,0.2418958505102454,4.243080172403645,2,2025
1.618497637041476,0.614210063667187,0.2627916398347057,4.42608462217892,1.1760499775449842,0.6560450193406544,0.3058664687324869,3.9636427390579563,2,2025
3.678102073365232,0.5151077015751939,0.26365158294358365,4.181255757795321,2.680721120984279,0.5100016284025572,0.2720890454298003,4.116057540263989,2,2025
4.238555948695268,0.4316576225631954,0.2553506719486709,4.2051235311725,2.472136222910217,0.5003317116320213,0.29244567884201234,3.8428523562894212,1,2025
1.7926948051948048,0.555275974025974,0.38536279166476733,2.943544584982695,1.3057900432900431,0.6317803030303031,0.4323825355797669,2.7258252459088257,1,2025
2.169223699702642,0.5451466894639567,0.2542084265441224,4.353036037960322,1.587602485432888,0.5907863017583663,0.3124985014918424,3.770280327732021,2,2025
4.252777777777776,0.44911720544073486,0.2648951779451391,4.123730315043483,1.684259259259259,0.5578703703703702,0.30413226129740495,3.754020751452442,2,2025
1.045210674316201,0.6626971477772178,0.29236281599763914,3.9557096640534986,0.8982626772684479,0.6819139296897824,0.31672084153864744,3.739726122307644,2,2025
2.213235294117647,0.5251297577854671,0.2756472418647997,3.9223234942081047,1.7732843137254901,0.5715758362168397,0.4109561506376628,2.9911320808164676,1,2025
8.566666666666665,0.2585263544087073,0.2484768797804525,4.099612391150833,4.294444444444443,0.4019934640522876,0.3131141645437687,3.5324026686882255,3,2025
1.8531825701180542,0.585348445040096,0.25273276535645534,4.225318452403261,1.680019174374013,0.520373900293255,0.2407827039143681,4.255505015001661,1,2025
3.1734261109261115,0.4900499000329317,0.2365417214825837,4.524802589987231,2.523878898878899,0.5238487819370172,0.25555507296475244,4.138735362564467,2,2025
1.7350190237037433,0.5959892930434341,0.2701211840748374,4.372940288546693,1.4905802334235605,0.6189613195221166,0.31117168711465776,3.93964368986165,2,2025
1.4542763227487263,0.6470840881959556,0.31781673683716083,3.996218742904376,1.1274121563934154,0.6619913497783357,0.3368510650167209,3.6526164451924075,1,2025
2.8849206349206344,0.523990878402643,0.26948677391779036,4.07117371701505,1.535714285714286,0.6107142857142857,0.30374743481642275,3.746654049085886,2,2025
3.4357638888888893,0.4323631535947713,0.2827946150163405,3.8185710606714616,3.496180555555555,0.3971303104575164,0.28549302552522815,3.779116703089664,1,2025
3.5407475490196076,0.4893269770697038,0.30286558070936587,3.778972129202714,3.007116443068455,0.5637614075557984,0.31021036585612927,3.678251261000092,1,2025
2.3686475197177255,0.5685861509394446,0.27278770386972917,4.273728741824938,1.694700083022001,0.6093402925304617,0.31678923482628285,3.8555711561836072,1,2025
1.2525407151106092,0.6461440504356282,0.2781773156830989,4.198331103816992,1.1348499263036576,0.6567793535756488,0.28998351778452475,4.025646677004182,2,2025
1.0402052634935695,0.6624339848420955,0.2961535320778519,3.9741508651596678,0.8942141639114862,0.6888121147224096,0.3131780527936793,3.7817886638059313,1,2025
1.1182968017645436,0.6246812103666941,0.2963537221798327,3.7689899799666606,1.75947752963882,0.5670147504824924,0.2625494706383765,4.1498193675620625,1,2025
1.2234436114732727,0.6108727183833117,0.32040922408860645,3.5356426230904328,0.9678780964797913,0.6502395697522816,0.33330980766277696,3.344838557327442,1,2025
1.2405318700200632,0.6447704564184182,0.32602327810113374,3.787232758670346,1.2968043660755837,0.6467286895126035,0.33752713201207385,3.7904673994765785,2,2025
1.428705904422563,0.6400303236858365,0.31779267031505876,3.972936818862557,1.2295397671560164,0.6521484187142308,0.34925253211425406,3.679663853191496,2,2025
1.283899703337777,0.6400869186695965,0.3334637225165201,3.6510442257374462,1.2208875689380276,0.6814380175247687,0.3904568408044564,3.3523559070214186,1,2025
3.3046521493212673,0.4509145428533405,0.24844193451857055,4.1829289149888185,1.7707861990950224,0.6029553167420815,0.3151469680077088,3.701758869412446,2,2025
3.7316905929038278,0.44424594592739053,0.23780883723102522,4.321376555572653,2.486636321195145,0.46904178338001845,0.25243019447269627,4.189787315054742,2,2025
2.339889277389277,0.5165938228438228,0.2797638603980858,3.8102747913205466,2.7514568764568765,0.5429504319210201,0.3133231060999019,3.5185069687559576,2,2025
3.1720959595959606,0.4366852346999407,0.21200865415092934,4.63946178621127,2.369696969696969,0.5186363636363636,0.2594670983106203,4.168481833036191,3,2025
2.324346262086486,0.5750372230523291,0.2655816232611883,4.5344267867722134,1.61038634779149,0.6272868013950359,0.30257317531208966,4.133266777555269,2,2025
1.0966946308620602,0.6489067493793926,0.31414104887597505,3.867603035076407,0.8732081933259905,0.6867513668381854,0.3453910086073513,3.4959684264880484,0,2025
